{"cameraMode":{"drawMode":0,"name":"Shaded","section":"Shading Mode"},"sceneLighting":false,"audioPlay":false,"sceneViewState":{"showFog":true,"showMaterialUpdate":true,"showSkybox":false,"showFlares":true,"showImageEffects":true,"showParticleSystems":true},"in2DMode":false,"pivot":{"x":-1.2370145320892335,"y":-0.22159260511398316,"z":-0.3071855902671814},"rotation":{"x":0.08456750959157944,"y":-0.7063198089599609,"z":0.03308553248643875,"w":0.7042286396026611},"size":1.2672481536865235,"orthographic":false}