{"cameraMode":{"drawMode":0,"name":"Shaded","section":"Shading Mode"},"sceneLighting":false,"audioPlay":false,"sceneViewState":{"showFog":true,"showMaterialUpdate":true,"showSkybox":false,"showFlares":true,"showImageEffects":true,"showParticleSystems":true},"in2DMode":false,"pivot":{"x":-1.0266107320785523,"y":0.02115357294678688,"z":-0.41351714730262759},"rotation":{"x":0.3379706144332886,"y":-0.5268047451972961,"z":0.1898251473903656,"w":0.7584933042526245},"size":1.291048288345337,"orthographic":false}