{"cameraMode":{"drawMode":0,"name":"Shaded","section":"Shading Mode"},"sceneLighting":false,"audioPlay":false,"sceneViewState":{"showFog":true,"showMaterialUpdate":true,"showSkybox":false,"showFlares":true,"showImageEffects":true,"showParticleSystems":true},"in2DMode":false,"pivot":{"x":9.287484169006348,"y":3.274714708328247,"z":12.617975234985352},"rotation":{"x":-0.0925472304224968,"y":-0.669616162776947,"z":-0.13631387054920197,"w":0.726316511631012},"size":0.6339746713638306,"orthographic":false}