{"cameraMode":{"drawMode":0,"name":"Shaded","section":"Shading Mode"},"sceneLighting":false,"audioPlay":false,"sceneViewState":{"showFog":true,"showMaterialUpdate":true,"showSkybox":false,"showFlares":true,"showImageEffects":true,"showParticleSystems":true},"in2DMode":false,"pivot":{"x":0.10241125524044037,"y":0.7710453271865845,"z":-0.051237426698207858},"rotation":{"x":0.35324475169181826,"y":-0.6651961803436279,"z":-0.36791011691093447,"w":-0.5481444001197815},"size":0.5492111444473267,"orthographic":false}