{"cameraMode":{"drawMode":0,"name":"Shaded","section":"Shading Mode"},"sceneLighting":false,"audioPlay":false,"sceneViewState":{"showFog":true,"showMaterialUpdate":true,"showSkybox":false,"showFlares":true,"showImageEffects":true,"showParticleSystems":true},"in2DMode":false,"pivot":{"x":1.499999761581421,"y":0.0,"z":1.5000004768371583},"rotation":{"x":0.3899375796318054,"y":-0.2627861797809601,"z":0.11036103963851929,"w":0.8766834139823914},"size":5.7360029220581059,"orthographic":false}