{"cameraMode":{"drawMode":0,"name":"Shaded","section":"Shading Mode"},"sceneLighting":false,"audioPlay":false,"sceneViewState":{"showFog":true,"showMaterialUpdate":true,"showSkybox":false,"showFlares":true,"showImageEffects":true,"showParticleSystems":true},"in2DMode":false,"pivot":{"x":4.961597442626953,"y":1.1507964134216309,"z":0.5938414931297302},"rotation":{"x":0.3165305256843567,"y":0.30601373314857485,"z":-0.13404034078121186,"w":0.8893344402313232},"size":5.126526355743408,"orthographic":false}