{"cameraMode":{"drawMode":0,"name":"Shaded","section":"Shading Mode"},"sceneLighting":false,"audioPlay":false,"sceneViewState":{"showFog":true,"showMaterialUpdate":true,"showSkybox":false,"showFlares":true,"showImageEffects":true,"showParticleSystems":true},"in2DMode":false,"pivot":{"x":-3.2082772254943849,"y":1.2217061519622803,"z":10.11246395111084},"rotation":{"x":0.060391005128622058,"y":-0.9088365435600281,"z":0.0441274493932724,"w":0.4141303598880768},"size":6.046992778778076,"orthographic":false}