{"cameraMode":{"drawMode":0,"name":"Shaded","section":"Shading Mode"},"sceneLighting":false,"audioPlay":false,"sceneViewState":{"showFog":true,"showMaterialUpdate":true,"showSkybox":false,"showFlares":true,"showImageEffects":true,"showParticleSystems":true},"in2DMode":false,"pivot":{"x":0.0,"y":0.5069645047187805,"z":-0.06887075304985047},"rotation":{"x":0.3202137351036072,"y":0.535530149936676,"z":-0.2829478085041046,"w":0.7305440306663513},"size":0.9910481572151184,"orthographic":false}