{"cameraMode":{"drawMode":0,"name":"Shaded","section":"Shading Mode"},"sceneLighting":false,"audioPlay":false,"sceneViewState":{"showFog":true,"showMaterialUpdate":true,"showSkybox":false,"showFlares":true,"showImageEffects":true,"showParticleSystems":true},"in2DMode":false,"pivot":{"x":0.01077166199684143,"y":1.4901161193847657e-8,"z":4.565889358520508},"rotation":{"x":-0.29304778575897219,"y":-0.05487857013940811,"z":0.05411405488848686,"w":-0.9545981287956238},"size":6.046992778778076,"orthographic":false}