{"cameraMode":{"drawMode":0,"name":"Shaded","section":"Shading Mode"},"sceneLighting":false,"audioPlay":false,"sceneViewState":{"showFog":true,"showMaterialUpdate":true,"showSkybox":false,"showFlares":true,"showImageEffects":true,"showParticleSystems":true},"in2DMode":false,"pivot":{"x":0.5252888798713684,"y":1.0334649085998536,"z":1.1821321249008179},"rotation":{"x":0.08431683480739594,"y":0.6081244349479675,"z":-0.11201142519712448,"w":0.7833191752433777},"size":2.5271317958831789,"orthographic":false}