{"cameraMode":{"drawMode":0,"name":"Shaded","section":"Shading Mode"},"sceneLighting":false,"audioPlay":false,"sceneViewState":{"showFog":true,"showMaterialUpdate":true,"showSkybox":false,"showFlares":true,"showImageEffects":true,"showParticleSystems":true},"in2DMode":false,"pivot":{"x":8.950258255004883,"y":12.706387519836426,"z":-19.769020080566408},"rotation":{"x":-0.036216262727975848,"y":0.9899452328681946,"z":-0.10761173069477081,"w":0.10839573293924332},"size":41.80474853515625,"orthographic":false}