{"cameraMode":{"drawMode":0,"name":"Shaded","section":"Shading Mode"},"sceneLighting":false,"audioPlay":false,"sceneViewState":{"showFog":true,"showMaterialUpdate":true,"showSkybox":false,"showFlares":true,"showImageEffects":true,"showParticleSystems":true},"in2DMode":false,"pivot":{"x":7.692506313323975,"y":1.6269999742507935,"z":0.35100001096725466},"rotation":{"x":-0.41806745529174807,"y":-0.05025690793991089,"z":0.06610757857561112,"w":-0.9068815112113953},"size":0.17320503294467927,"orthographic":false}