{"cameraMode":{"drawMode":0,"name":"Shaded","section":"Shading Mode"},"sceneLighting":false,"audioPlay":false,"sceneViewState":{"showFog":true,"showMaterialUpdate":true,"showSkybox":false,"showFlares":true,"showImageEffects":true,"showParticleSystems":true},"in2DMode":false,"pivot":{"x":-1.2681219577789307,"y":3.0376899242401125,"z":1.2801650762557984},"rotation":{"x":-0.22952307760715486,"y":0.7537053823471069,"z":-0.2696228325366974,"w":-0.5561349987983704},"size":2.5124688148498537,"orthographic":false}