{"cameraMode":{"drawMode":0,"name":"Shaded","section":"Shading Mode"},"sceneLighting":false,"audioPlay":false,"sceneViewState":{"showFog":true,"showMaterialUpdate":true,"showSkybox":false,"showFlares":true,"showImageEffects":true,"showParticleSystems":true},"in2DMode":false,"pivot":{"x":1.8030269145965577,"y":4.819835186004639,"z":8.113980293273926},"rotation":{"x":0.013171911239624024,"y":-0.34974005818367007,"z":0.021935289725661279,"w":-0.9379810690879822},"size":6.025985240936279,"orthographic":false}