{"cameraMode":{"drawMode":0,"name":"Shaded","section":"Shading Mode"},"sceneLighting":false,"audioPlay":false,"sceneViewState":{"showFog":true,"showMaterialUpdate":true,"showSkybox":false,"showFlares":true,"showImageEffects":true,"showParticleSystems":true},"in2DMode":false,"pivot":{"x":1.217273473739624,"y":1.9306552410125733,"z":5.285773277282715},"rotation":{"x":0.04154939576983452,"y":-0.9947742223739624,"z":-0.026338305324316026,"w":-0.10795232653617859},"size":0.14669948816299439,"orthographic":false}