{"cameraMode":{"drawMode":0,"name":"Shaded","section":"Shading Mode"},"sceneLighting":false,"audioPlay":false,"sceneViewState":{"showFog":true,"showMaterialUpdate":true,"showSkybox":false,"showFlares":true,"showImageEffects":true,"showParticleSystems":true},"in2DMode":false,"pivot":{"x":0.5210641026496887,"y":1.1386650800704957,"z":0.5549373626708984},"rotation":{"x":-0.1562582403421402,"y":0.644729495048523,"z":-0.0849904716014862,"w":-0.7455008029937744},"size":1.219188928604126,"orthographic":false}