{"cameraMode":{"drawMode":0,"name":"Shaded","section":"Shading Mode"},"sceneLighting":false,"audioPlay":false,"sceneViewState":{"showFog":true,"showMaterialUpdate":true,"showSkybox":false,"showFlares":true,"showImageEffects":true,"showParticleSystems":true},"in2DMode":false,"pivot":{"x":-0.13954699039459229,"y":1.076847791671753,"z":2.398259162902832},"rotation":{"x":0.024021031334996225,"y":-0.05049212649464607,"z":-0.03432244807481766,"w":0.9994974136352539},"size":1.6220066547393799,"orthographic":false}