{"cameraMode":{"drawMode":0,"name":"Shaded","section":"Shading Mode"},"sceneLighting":false,"audioPlay":false,"sceneViewState":{"showFog":true,"showMaterialUpdate":true,"showSkybox":false,"showFlares":true,"showImageEffects":true,"showParticleSystems":true},"in2DMode":false,"pivot":{"x":1.4999996423721314,"y":0.0,"z":1.4999910593032838},"rotation":{"x":0.2607997953891754,"y":0.2409227341413498,"z":-0.09322623163461685,"w":0.9316660165786743},"size":1.2360012531280518,"orthographic":false}