{"cameraMode":{"drawMode":0,"name":"Shaded","section":"Shading Mode"},"sceneLighting":false,"audioPlay":false,"sceneViewState":{"showFog":true,"showMaterialUpdate":true,"showSkybox":false,"showFlares":true,"showImageEffects":true,"showParticleSystems":true},"in2DMode":false,"pivot":{"x":13.50001335144043,"y":4.000000476837158,"z":13.500003814697266},"rotation":{"x":-0.003777129342779517,"y":0.7298423647880554,"z":0.032594580203294757,"w":-0.6848600506782532},"size":19.85259437561035,"orthographic":false}