{"cameraMode":{"drawMode":0,"name":"Shaded","section":"Shading Mode"},"sceneLighting":false,"audioPlay":false,"sceneViewState":{"showFog":true,"showMaterialUpdate":true,"showSkybox":false,"showFlares":true,"showImageEffects":true,"showParticleSystems":true},"in2DMode":false,"pivot":{"x":7.692506313323975,"y":1.6269999742507935,"z":0.35100001096725466},"rotation":{"x":-0.03366954252123833,"y":0.999041736125946,"z":-0.06241428107023239,"w":-0.009075424633920193},"size":0.017320632934570314,"orthographic":false}