{"cameraMode":{"drawMode":0,"name":"Shaded","section":"Shading Mode"},"sceneLighting":false,"audioPlay":false,"sceneViewState":{"showFog":true,"showMaterialUpdate":true,"showSkybox":false,"showFlares":true,"showImageEffects":true,"showParticleSystems":true},"in2DMode":false,"pivot":{"x":3.9874696731567385,"y":4.16768217086792,"z":4.077865123748779},"rotation":{"x":0.23316456377506257,"y":-0.5972991585731506,"z":0.13609373569488526,"w":0.7572556138038635},"size":0.553007960319519,"orthographic":false}