{"cameraMode":{"drawMode":0,"name":"Shaded","section":"Shading Mode"},"sceneLighting":false,"audioPlay":false,"sceneViewState":{"showFog":true,"showMaterialUpdate":true,"showSkybox":false,"showFlares":true,"showImageEffects":true,"showParticleSystems":true},"in2DMode":false,"pivot":{"x":3.7816390991210939,"y":2.3625364303588869,"z":-0.8223391771316528},"rotation":{"x":0.060901038348674777,"y":-0.9638301134109497,"z":0.09692376852035523,"w":0.2473183125257492},"size":1.288002848625183,"orthographic":false}