{"cameraMode":{"drawMode":0,"name":"Shaded","section":"Shading Mode"},"sceneLighting":true,"audioPlay":false,"sceneViewState":{"showFog":true,"showMaterialUpdate":true,"showSkybox":true,"showFlares":true,"showImageEffects":true,"showParticleSystems":true},"in2DMode":false,"pivot":{"x":-28.766202926635743,"y":3.658379077911377,"z":11.227130889892579},"rotation":{"x":0.04070335999131203,"y":-0.9522811770439148,"z":0.3080909252166748,"w":-0.015432239510118962},"size":1.392838478088379,"orthographic":false}