{"cameraMode":{"drawMode":0,"name":"Shaded","section":"Shading Mode"},"sceneLighting":false,"audioPlay":false,"sceneViewState":{"showFog":true,"showMaterialUpdate":true,"showSkybox":false,"showFlares":true,"showImageEffects":true,"showParticleSystems":true},"in2DMode":false,"pivot":{"x":-1.013435959815979,"y":-0.04026925563812256,"z":0.019936859607696534},"rotation":{"x":0.2665441334247589,"y":-0.4534224271774292,"z":0.0990581065416336,"w":0.8465276956558228},"size":0.9910481572151184,"orthographic":false}