{"cameraMode":{"drawMode":0,"name":"Shaded","section":"Shading Mode"},"sceneLighting":false,"audioPlay":false,"sceneViewState":{"showFog":true,"showMaterialUpdate":true,"showSkybox":false,"showFlares":true,"showImageEffects":true,"showParticleSystems":true},"in2DMode":false,"pivot":{"x":29.02620506286621,"y":-16.508941650390626,"z":10.209932327270508},"rotation":{"x":0.2034299075603485,"y":0.6435565948486328,"z":-0.22179065644741059,"w":0.7057185173034668},"size":19.09351921081543,"orthographic":false}