{"cameraMode":{"drawMode":0,"name":"Shaded","section":"Shading Mode"},"sceneLighting":false,"audioPlay":false,"sceneViewState":{"showFog":true,"showMaterialUpdate":true,"showSkybox":false,"showFlares":true,"showImageEffects":true,"showParticleSystems":true},"in2DMode":false,"pivot":{"x":0.01077166199684143,"y":1.4901161193847657e-8,"z":0.9131778478622437},"rotation":{"x":-0.032377950847148898,"y":-0.7390824556350708,"z":0.08825662732124329,"w":-0.6693305969238281},"size":1.219188928604126,"orthographic":false}