{"cameraMode":{"drawMode":0,"name":"Shaded","section":"Shading Mode"},"sceneLighting":false,"audioPlay":false,"sceneViewState":{"showFog":true,"showMaterialUpdate":true,"showSkybox":false,"showFlares":true,"showImageEffects":true,"showParticleSystems":true},"in2DMode":false,"pivot":{"x":-2.055555582046509,"y":-30.120145797729493,"z":33.925926208496097},"rotation":{"x":-0.3949643671512604,"y":-0.02972937561571598,"z":0.03554940223693848,"w":-0.9188904762268066},"size":21.150768280029298,"orthographic":false}