{"cameraMode":{"drawMode":0,"name":"Shaded","section":"Shading Mode"},"sceneLighting":false,"audioPlay":false,"sceneViewState":{"showFog":true,"showMaterialUpdate":true,"showSkybox":false,"showFlares":true,"showImageEffects":true,"showParticleSystems":true},"in2DMode":false,"pivot":{"x":9.702726364135743,"y":-6.925168991088867,"z":45.09102249145508},"rotation":{"x":0.1663462072610855,"y":0.505786120891571,"z":-0.1286291927099228,"w":0.838283896446228},"size":8.299826622009278,"orthographic":false}