{"cameraMode":{"drawMode":0,"name":"Shaded","section":"Shading Mode"},"sceneLighting":false,"audioPlay":false,"sceneViewState":{"showFog":true,"showMaterialUpdate":true,"showSkybox":false,"showFlares":true,"showImageEffects":true,"showParticleSystems":true},"in2DMode":false,"pivot":{"x":-14.637835502624512,"y":2.54048490524292,"z":8.800210952758789},"rotation":{"x":-0.1205875352025032,"y":0.11684268712997437,"z":0.009795868769288063,"w":-0.9871451258659363},"size":10.6389741897583,"orthographic":false}