{"cameraMode":{"drawMode":0,"name":"Shaded","section":"Shading Mode"},"sceneLighting":false,"audioPlay":false,"sceneViewState":{"showFog":true,"showMaterialUpdate":true,"showSkybox":false,"showFlares":true,"showImageEffects":true,"showParticleSystems":true},"in2DMode":false,"pivot":{"x":10.946696281433106,"y":3.517061948776245,"z":11.948566436767579},"rotation":{"x":0.13986703753471375,"y":-0.8831759095191956,"z":-0.20767757296562196,"w":-0.4005719721317291},"size":0.8660253882408142,"orthographic":false}