{"cameraMode":{"drawMode":0,"name":"Shaded","section":"Shading Mode"},"sceneLighting":false,"audioPlay":false,"sceneViewState":{"showFog":true,"showMaterialUpdate":true,"showSkybox":false,"showFlares":true,"showImageEffects":true,"showParticleSystems":true},"in2DMode":false,"pivot":{"x":-0.458712637424469,"y":0.5878982543945313,"z":-0.4804343581199646},"rotation":{"x":-0.2626608908176422,"y":-0.6450226902961731,"z":0.3258585035800934,"w":-0.6417775750160217},"size":2.4863357543945314,"orthographic":false}