{"cameraMode":{"drawMode":0,"name":"Shaded","section":"Shading Mode"},"sceneLighting":false,"audioPlay":false,"sceneViewState":{"showFog":true,"showMaterialUpdate":true,"showSkybox":false,"showFlares":true,"showImageEffects":true,"showParticleSystems":true},"in2DMode":false,"pivot":{"x":-0.08325520902872086,"y":0.009052306413650513,"z":0.09316535294055939},"rotation":{"x":0.006386506836861372,"y":-0.17836615443229676,"z":0.03964035212993622,"w":-0.9847321510314941},"size":0.023457050323486329,"orthographic":false}