{"cameraMode":{"drawMode":0,"name":"Shaded","section":"Shading Mode"},"sceneLighting":false,"audioPlay":false,"sceneViewState":{"showFog":true,"showMaterialUpdate":true,"showSkybox":false,"showFlares":true,"showImageEffects":true,"showParticleSystems":true},"in2DMode":false,"pivot":{"x":-0.0000013820827007293702,"y":0.09003978222608566,"z":0.23281937837600709},"rotation":{"x":0.18341654539108277,"y":0.5577174425125122,"z":-0.17616857588291169,"w":0.7920528650283814},"size":0.3234570622444153,"orthographic":false}