{"cameraMode":{"drawMode":0,"name":"Shaded","section":"Shading Mode"},"sceneLighting":false,"audioPlay":false,"sceneViewState":{"showFog":true,"showMaterialUpdate":true,"showSkybox":false,"showFlares":true,"showImageEffects":true,"showParticleSystems":true},"in2DMode":false,"pivot":{"x":10.189940452575684,"y":2.3661868572235109,"z":13.496936798095704},"rotation":{"x":-0.26467394828796389,"y":0.2560252547264099,"z":-0.028987010940909387,"w":-0.9309589862823486},"size":0.8660253882408142,"orthographic":false}