{"cameraMode":{"drawMode":0,"name":"Shaded","section":"Shading Mode"},"sceneLighting":false,"audioPlay":false,"sceneViewState":{"showFog":true,"showMaterialUpdate":true,"showSkybox":false,"showFlares":true,"showImageEffects":true,"showParticleSystems":true},"in2DMode":false,"pivot":{"x":-0.000002294778823852539,"y":-0.09093371778726578,"z":0.3749963939189911},"rotation":{"x":0.09248106181621552,"y":0.3758256733417511,"z":-0.07888490706682205,"w":0.9203645586967468},"size":0.4299429655075073,"orthographic":false}