{"cameraMode":{"drawMode":0,"name":"Shaded","section":"Shading Mode"},"sceneLighting":false,"audioPlay":false,"sceneViewState":{"showFog":true,"showMaterialUpdate":true,"showSkybox":false,"showFlares":true,"showImageEffects":true,"showParticleSystems":true},"in2DMode":false,"pivot":{"x":6.279609680175781,"y":-3.7416839599609377,"z":5.2937469482421879},"rotation":{"x":0.06865552067756653,"y":0.8897145986557007,"z":-0.36211174726486208,"w":0.2750701904296875},"size":6.046992778778076,"orthographic":false}